"Index","Offset","TokenVar","TargetProp","TokenType","TokenString"
"1","6279517","e","","Symbol.for","react.fragment"
"2","7022222","","","",""
"3","7022368","","","",""
"4","7022506","","","",""
"5","7028516","","","",""
"6","7028655","","","",""
"7","7028818","","","",""
"8","7028981","","","",""
"9","7029104","","","",""
"10","7029289","","","",""
"11","7029460","","","",""
"12","7029635","","_scope","",""
"13","7029790","Er","_scope","",""
"14","7029937","Er","_scope","",""
"15","7034786","","","",""
"16","7034980","","","",""
"17","7035135","","","",""
"18","7035310","","","",""
"19","7035449","","","",""
"20","7043124","","","",""
"21","7043259","","","",""
"22","7043410","","","",""
"23","7043545","","","",""
"24","7043664","","","",""
"25","7043803","","","",""
"26","7043950","","","",""
"27","7044125","","","",""
"28","7044273","","","",""
"29","7044440","","","",""
"30","7044614","","","",""
"31","7044765","","","",""
"32","7054838","","","",""
"33","7054996","","","",""
"34","7055130","","","",""
"35","7055273","","","",""
"36","7055403","","","",""
"37","7055545","","","",""
"38","7055671","","","",""
"39","7055806","","","",""
"40","7055944","","","",""
"41","7056098","","","",""
"42","7056252","","","",""
"43","7056379","","","",""
"44","7056552","","","",""
"45","7062915","","","",""
"46","7063053","","","",""
"47","7063199","","","",""
"48","7063321","","","",""
"49","7102196","Eh","","Symbol.for","aiAgent.IStorageFacade"
"50","7102286","Ci","","Symbol","aiAgent.ICredentialConnectorService"
"51","7119631","","","",""
"52","7119798","","","",""
"53","7119920","","","",""
"54","7120054","","","",""
"55","7120192","","","",""
"56","7120338","","","",""
"57","7120496","","","",""
"58","7120670","","","",""
"59","7120812","","","",""
"60","7120954","","","",""
"61","7121089","","","",""
"62","7121240","","","",""
"63","7121367","","","",""
"64","7121498","","","",""
"65","7121646","","","",""
"66","7121819","AM","","Symbol.for","IUtilFacade"
"67","7121966","AM","","Symbol.for","IUtilFacade"
"68","7122060","xC","","Symbol","ISessionStore"
"69","7122149","ED","","Symbol.for","aiAgent.IEnvironmentFacade"
"70","7124996","","","",""
"71","7125143","","","",""
"72","7125270","","","",""
"73","7125405","","","",""
"74","7125556","","","",""
"75","7125699","","","",""
"76","7125842","","","",""
"77","7125993","","","",""
"78","7126168","","","",""
"79","7130044","","","",""
"80","7130178","","","",""
"81","7130336","","","",""
"82","7130521","","","",""
"83","7130687","","","",""
"84","7130825","","","",""
"85","7130951","","","",""
"86","7131093","","_codeEditorService","",""
"87","7131255","","_codeEditorService","",""
"88","7131381","","_codeEditorService","",""
"89","7133498","","","",""
"90","7133649","","","",""
"91","7133791","","","",""
"92","7137104","","","",""
"93","7137234","","","",""
"94","7137376","","","",""
"95","7138940","","","",""
"96","7139086","","","",""
"97","7139252","","","",""
"98","7139847","","","",""
"99","7140750","","","",""
"100","7141198","","","",""
"101","7145196","Ei","","Symbol.for","aiAgent.ICredentialFacade"
"102","7145335","Ei","","Symbol.for","aiAgent.ICredentialFacade"
"103","7145458","Ei","","Symbol.for","aiAgent.ICredentialFacade"
"104","7145563","","","",""
"105","7145713","","","",""
"106","7145860","","","",""
"107","7145998","","","",""
"108","7146160","","","",""
"109","7146896","","","",""
"110","7148133","","","",""
"111","7150367","","","",""
"112","7150506","","","",""
"113","7150887","","","",""
"114","7153047","","","",""
"115","7153178","","","",""
"116","7153341","","","",""
"117","7153903","AM","","Symbol.for","IUtilFacade"
"118","7157051","Ei","_promise","Symbol.for","aiAgent.ICredentialFacade"
"119","7157143","M0","_promise","Symbol.for","aiAgent.ISessionService"
"120","7157225","M0","_promise","Symbol.for","aiAgent.ISessionService"
"121","7158529","","","",""
"122","7158711","","","",""
"123","7160205","","","",""
"124","7160387","","","",""
"125","7184644","MR","","Symbol.for","aiAgent.ISlardarFacade"
"126","7184734","kS","","Symbol.for","aiAgent.IAiAgentClientManagerService"
"127","7195492","","","",""
"128","7208762","Eh","","Symbol.for","aiAgent.IStorageFacade"
"129","7208852","bY","_initFromCacheProm","Symbol.for","aiAgent.ILogService"
"130","7208939","Ci","_initFromCachePromise","Symbol","aiAgent.ICredentialConnectorService"
"131","7221668","Ix","","Symbol","ISessionRelationStorageService"
"132","7221759","xC","","Symbol","ISessionStore"
"133","7221848","k1","","Symbol","IModelStore"
"134","7221962","Il","","Symbol.for","aiAgent.ICommercialPermissionService"
"135","7222066","bY","","Symbol.for","aiAgent.ILogService"
"136","7222153","Ei","","Symbol.for","aiAgent.ICredentialFacade"
"137","7222246","","","",""
"138","7222409","k5","","Symbol.for","IModeStorageService"
"139","7222548","k5","","Symbol.for","IModeStorageService"
"140","7225427","Eh","","Symbol.for","aiAgent.IStorageFacade"
"141","7228206","Eh","","Symbol.for","aiAgent.IStorageFacade"
"142","7233729","Eh","_logService","Symbol.for","aiAgent.IStorageFacade"
"143","7234147","Ma","","Symbol.for","ITeaFacade"
"144","7234227","bY","","Symbol.for","aiAgent.ILogService"
"145","7249573","Ci","","Symbol","aiAgent.ICredentialConnectorService"
"146","7249667","Eh","","Symbol.for","aiAgent.IStorageFacade"
"147","7249759","Eh","","Symbol.for","aiAgent.IStorageFacade"
"148","7249849","bY","","Symbol.for","aiAgent.ILogService"
"149","7249936","Tm","","Symbol.for","ai.IDocsetStore"
"150","7253154","TL","","Symbol.for","aiChat.ICustomRulesService"
"151","7253249","ED","_storageFacade","Symbol.for","aiAgent.IEnvironmentFacade"
"152","7253407","ED","_storageFacade","Symbol.for","aiAgent.IEnvironmentFacade"
"153","7254439","Eh","","Symbol.for","aiAgent.IStorageFacade"
"154","7260632","TX","","Symbol","ITeamAgentSubmittedService"
"155","7260782","TX","","Symbol","ITeamAgentSubmittedService"
"156","7260878","TX","","Symbol","ITeamAgentSubmittedService"
"157","7260979","TJ","","Symbol","ITeamAgentFirstSubmittedService"
"158","7261085","","","",""
"159","7261231","","","",""
"160","7263387","","","",""
"161","7266734","","","",""
"162","7268271","Nc","","Symbol","IEntitlementStore"
"163","7268363","Nc","","Symbol","IEntitlementStore"
"164","7268456","kA","","Symbol.for","aiAgent.IAiNativeModelService"
"165","7288133","kb","","Symbol.for","IModelStorageService"
"166","7288229","k5","","Symbol.for","IModeStorageService"
"167","7288324","ka","","Symbol.for","aiAgent.IAiNativeModelService"
"168","7288421","Ei","","Symbol.for","aiAgent.ICredentialFacade"
"169","7288513","kA","","Symbol.for","aiAgent.IAiNativeModelService"
"170","7288604","k1","","Symbol","IModelStore"
"171","7288691","Ci","","Symbol","aiAgent.ICredentialConnectorService"
"172","7288794","bY","","Symbol.for","aiAgent.ILogService"
"173","7288881","Ma","","Symbol.for","ITeaFacade"
"174","7289071","Ma","","Symbol.for","ITeaFacade"
"175","7289157","Ie","","Symbol","ISoloModeManagerStore"
"176","7289332","Ie","","Symbol","ISoloModeManagerStore"
"177","7289429","","","",""
"178","7289567","","","",""
"179","7289729","xC","","Symbol","ISessionStore"
"180","7289892","xC","","Symbol","ISessionStore"
"181","7289980","IN","","Symbol","ISessionRelationStoreInternal"
"182","7290106","IN","","Symbol","ISessionRelationStoreInternal"
"183","7290197","IN","_credentialConnectorServic","Symbol","ISessionRelationStoreInternal"
"184","7290294","Nc","_credentialConnectorService","Symbol","IEntitlementStore"
"185","7290387","Il","_credentialConnectorService","Symbol.for","aiAgent.ICommercialPermissionService"
"186","7290491","","_credentialConnectorService","",""
"187","7290844","Eh","","Symbol.for","aiAgent.IStorageFacade"
"188","7290934","Ci","","Symbol","aiAgent.ICredentialConnectorService"
"189","7291037","","","",""
"190","7299494","Tm","","Symbol.for","ai.IDocsetStore"
"191","7299580","xC","_bootService","Symbol","ISessionStore"
"192","7299668","IN","_bootService","Symbol","ISessionRelationStoreInternal"
"193","7301658","Cv","","Symbol.for","aiAgent.II18nService"
"194","7301745","kv","","Symbol.for","IModelService"
"195","7301833","Ei","","Symbol.for","aiAgent.ICredentialFacade"
"196","7301926","kh","","Symbol","ICommercialActivityService"
"197","7302027","Il","","Symbol.for","aiAgent.ICommercialPermissionService"
"198","7302159","Il","_slardar","Symbol.for","aiAgent.ICommercialPermissionService"
"199","7302938","Mr","","Symbol.for","aiAgent.ISlardarFacade"
"200","7311667","Eh","","Symbol.for","aiAgent.IStorageFacade"
"201","7317697","Mz","","Symbol.for","aiAgent.IContextKeyFacade"
"202","7317788","I7","","Symbol","IProjectStore"
"203","7317876","Eh","","Symbol.for","aiAgent.IStorageFacade"
"204","7317964","xC","","Symbol","ISessionStore"
"205","7318054","IN","","Symbol","ISessionRelationStoreInternal"
"206","7319557","I2","","Symbol","IInlineSessionStore"
"207","7319638","","","",""
"208","7320119","Dj","","Symbol.for","IUserMessageParser"
"209","7320207","DU","","Symbol.for","IInlineSessionStoreService"
"210","7322383","DQ","","Symbol","IUserMessageContextParser"
"211","7323301","DK","","Symbol","IMetadataParser"
"212","7323885","DK","","Symbol","IMetadataParser"
"213","7344389","ED","","Symbol.for","aiAgent.IEnvironmentFacade"
"214","7344476","Tm","","Symbol.for","ai.IDocsetStore"
"215","7344623","Tm","","Symbol.for","ai.IDocsetStore"
"216","7344710","Os","","Symbol.for","aiAgent.IConfigurationConnectorService"
"217","7473948","Tm","","Symbol.for","ai.IDocsetStore"
"218","7474035","bY","","Symbol.for","aiAgent.ILogService"
"219","7474122","ED","","Symbol.for","aiAgent.IEnvironmentFacade"
"220","7474216","AM","","Symbol.for","IUtilFacade"
"221","7474303","xC","","Symbol","ISessionStore"
"222","7474392","TQ","","Symbol","ITasksHubStore"
"223","7474484","TQ","","Symbol","ITasksHubStore"
"224","7474573","Os","","Symbol.for","aiAgent.IConfigurationConnectorService"
"225","7474679","","","",""
"226","7474826","","","",""
"227","7474981","","","",""
"228","7475172","T8","","Symbol","ILintErrorAutoFixStore"
"229","7475351","T8","","Symbol","ILintErrorAutoFixStore"
"230","7475449","Tz","","Symbol","aiChat.ICustomRuleStore"
"231","7475542","Of","","Symbol","aiChat.IMultiRulesStore"
"232","7475634","Nr","","Symbol","aiChat.IRulesModeStore"
"233","7475725","Na","","Symbol.for","ISkillStore"
"234","7475812","xL","","Symbol.for","IWorkspaceFacade"
"235","7475904","jO","","Symbol.for","IPlanService"
"236","7477321","M0","","Symbol.for","aiAgent.ISessionService"
"237","7477451","M0","","Symbol.for","aiAgent.ISessionService"
"238","7487056","Dj","","Symbol.for","IUserMessageParser"
"239","7487152","k1","","Symbol","IModelStore"
"240","7487238","xC","","Symbol","ISessionStore"
"241","7487326","ED","","Symbol.for","aiAgent.IEnvironmentFacade"
"242","7487413","xJ","","Symbol.for","IEditorFacade"
"243","7487502","xL","","Symbol.for","IWorkspaceFacade"
"244","7487594","jW","","Symbol.for","aiAgent.ICKGService"
"245","7487681","jO","","Symbol.for","IPlanService"
"246","7487769","Os","","Symbol.for","aiAgent.IConfigurationConnectorService"
"247","7487960","Os","","Symbol.for","aiAgent.IConfigurationConnectorService"
"248","7488056","kA","","Symbol.for","aiAgent.IAiNativeModelService"
"249","7488146","D6","","Symbol","IAgentService"
"250","7488237","D6","","Symbol","IAgentService"
"251","7488325","j5","_be","Symbol.for","aiAgent.IAskQuestionFeatureService"
"252","7488426","IN","_beforeStreamingStart","Symbol","ISessionRelationStoreInternal"
"253","7488569","Il","_beforeStreamingStart","Symbol.for","aiAgent.ICommercialPermissionService"
"254","7492830","zt","","Symbol.for","IChatStreamEmitter"
"255","7492923","zi","","Symbol.for","IInlineChatStreamEmitter"
"256","7493022","bY","","Symbol.for","aiAgent.ILogService"
"257","7493109","Do","","",""
"258","7504321","DK","","Symbol","IMetadataParser"
"259","7504411","zp","","Symbol","IChatStreamFirstTokenReporter"
"260","7504516","zf","","Symbol.for","IErrorStreamParser"
"261","7504623","Di","","Symbol.for","aiAgent.IAiAgentNativeChatService"
"262","7505726","Cv","_startWaitingMessage","Symbol.for","aiAgent.II18nService"
"263","7510232","jP","","",""
"264","7510329","Dj","","Symbol.for","IUserMessageParser"
"265","7515174","zf","","Symbol.for","IErrorStreamParser"
"266","7515281","zC","","Symbol.for","IChatStreamWaitingMessageReporter"
"267","7515389","zp","","Symbol","IChatStreamFirstTokenReporter"
"268","7515493","zN","","Symbol.for","IChatStreamBizReporter"
"269","7515590","D5","","Symbol","IPlanItemParser"
"270","7515680","bY","","Symbol.for","aiAgent.ILogService"
"271","7515767","zO","","Symbol.for","aiAgent.ITaskService"
"272","7518186","bY","","Symbol.for","aiAgent.ILogService"
"273","7518273","kd","","Symbol.for","aiChat.IAIChatRequestErrorService"
"274","7518375","zf","","Symbol.for","IErrorStreamParser"
"275","7518482","","","",""
"276","7519922","zf","_chatStreamFirstTokenReporter","Symbol.for","IErrorStreamParser"
"277","7520029","zN","_chatStreamFirstTokenReporter","Symbol.for","IChatStreamBizReporter"
"278","7520126","zC","_chatStreamFirstTokenReporter","Symbol.for","IChatStreamWaitingMessageReporter"
"279","7521159","kS","_chatStreamFirstTokenReporter","Symbol.for","aiAgent.IAiAgentClientManagerService"
"280","7521254","zp","_chatStreamFirstTokenReporter","Symbol","IChatStreamFirstTokenReporter"
"281","7521359","zf","_chatStreamFirstTokenReporter","Symbol.for","IErrorStreamParser"
"282","7522093","zp","","Symbol","IChatStreamFirstTokenReporter"
"283","7522198","zN","","Symbol.for","IChatStreamBizReporter"
"284","7522296","zf","","Symbol.for","IErrorStreamParser"
"285","7522404","zC","","Symbol.for","IChatStreamWaitingMessageReporter"
"286","7524066","DQ","_chatStreamFirstTokenReporter","Symbol","IUserMessageContextParser"
"287","7524681","zp","","Symbol","IChatStreamFirstTokenReporter"
"288","7527216","bY","","Symbol.for","aiAgent.ILogService"
"289","7534545","bY","","Symbol.for","aiAgent.ILogService"
"290","7534632","Do","","",""
"291","7534716","j8","","Symbol.for","IChatStreamRequestFactory"
"292","7534816","Di","","Symbol.for","aiAgent.IAiAgentNativeChatService"
"293","7534911","Bi","","Symbol","IEventHandlerFactory"
"294","7535006","ks","_teaFirstToken","Symbol.for","aiAgent.IAiAgentClientManagerService"
"295","7535216","ks","_teaFirstToken","Symbol.for","aiAgent.IAiAgentClientManagerService"
"296","7540402","bY","","Symbol.for","aiAgent.ILogService"
"297","7540488","Dj","","Symbol.for","IUserMessageParser"
"298","7540576","","","",""
"299","7540742","","_logService","",""
"300","7540924","","_logService","",""
"301","7546893","ED","","Symbol.for","aiAgent.IEnvironmentFacade"
"302","7546980","Dj","","Symbol.for","IUserMessageParser"
"303","7547068","zt","","Symbol.for","IChatStreamEmitter"
"304","7547161","Cv","","Symbol.for","aiAgent.II18nService"
"305","7547249","AM","","Symbol.for","IUtilFacade"
"306","7547335","kA","","Symbol.for","aiAgent.IAiNativeModelService"
"307","7547425","zf","","Symbol.for","IErrorStreamParser"
"308","7547532","zN","","Symbol.for","IChatStreamBizReporter"
"309","7547629","kd","_logService","Symbol.for","aiChat.IAIChatRequestErrorService"
"310","7547731","Bf","_logService","Symbol.for","IStuckDetectionService"
"311","7547877","Bf","_logService","Symbol.for","IStuckDetectionService"
"312","7550303","zi","","Symbol.for","IInlineChatStreamEmitter"
"313","7550396","DU","_fileDiffState","Symbol.for","IInlineSessionStoreService"
"314","7550484","zf","_fileDiffState","Symbol.for","IErrorStreamParser"
"315","7550591","zN","_fileDiffState","Symbol.for","IChatStreamBizReporter"
"316","7550688","kd","_fileDiffState","Symbol.for","aiChat.IAIChatRequestErrorService"
"317","7552591","zt","","Symbol.for","IChatStreamEmitter"
"318","7552689","bY","_se","Symbol.for","aiAgent.ILogService"
"319","7552776","","_sessionRelationStore","",""
"320","7552868","","_sessionRelationStore","",""
"321","7557809","Dj","","Symbol.for","IUserMessageParser"
"322","7557897","bY","","Symbol.for","aiAgent.ILogService"
"323","7557984","Bb","","Symbol.for","ISideChatStreamService"
"324","7558062","BA","","Symbol.for","IInlineChatStreamService"
"325","7558142","Di","","Symbol.for","aiAgent.IAiAgentNativeChatService"
"326","7558237","j8","","Symbol.for","IChatStreamRequestFactory"
"327","7558337","zp","","Symbol","IChatStreamFirstTokenReporter"
"328","7558441","zf","","Symbol.for","IErrorStreamParser"
"329","7558548","zN","","Symbol.for","IChatStreamBizReporter"
"330","7558645","zC","","Symbol.for","IChatStreamWaitingMessageReporter"
"331","7558753","Bk","","Symbol.for","IChatStreamContributionReporter"
"332","7558859","jP","","",""
"333","7558956","kh","","Symbol","ICommercialActivityService"
"334","7559058","IN","","Symbol","ISessionRelationStoreInternal"
"335","7559155","Il","","Symbol.for","aiAgent.ICommercialPermissionService"
"336","7559318","Il","","Symbol.for","aiAgent.ICommercialPermissionService"
"337","7561132","ks","","Symbol.for","aiAgent.IAiAgentClientManagerService"
"338","7561229","bY","","Symbol.for","aiAgent.ILogService"
"339","7565242","bY","","Symbol.for","aiAgent.ILogService"
"340","7572678","","","",""
"341","7572825","","","",""
"342","7572992","","","",""
"343","7573186","","","",""
"344","7573361","bY","","Symbol.for","aiAgent.ILogService"
"345","7573553","bY","","Symbol.for","aiAgent.ILogService"
"346","7573639","BZ","","Symbol.for","IFileDiffTruncationService"
"347","7574115","","","",""
"348","7577425","bY","","Symbol.for","aiAgent.ILogService"
"349","7577512","ED","","Symbol.for","aiAgent.IEnvironmentFacade"
"350","7577606","Di","","Symbol.for","aiAgent.IAiAgentNativeChatService"
"351","7577702","Tm","","Symbol.for","ai.IDocsetStore"
"352","7577789","","","",""
"353","7577983","M0","","Symbol.for","aiAgent.ISessionService"
"354","7578134","M0","","Symbol.for","aiAgent.ISessionService"
"355","7578225","Cv","","Symbol.for","aiAgent.II18nService"
"356","7621224","DK","","Symbol","IMetadataParser"
"357","7621314","D5","","Symbol","IPlanItemParser"
"358","7621404","D8","","Symbol","IFeeUsageParser"
"359","7621494","Oi","","Symbol.for","INotificationStreamParser"
"360","7621588","kd","","Symbol.for","aiChat.IAIChatRequestErrorService"
"361","7621689","D6","","Symbol","IAgentService"
"362","7621777","bY","","Symbol.for","aiAgent.ILogService"
"363","7621863","Eh","","Symbol.for","aiAgent.IStorageFacade"
"364","7624363","DJ","","Symbol.for","IUserMessageParser"
"365","7624456","D2","","Symbol.for","IGeneralMessageParser"
"366","7624552","Un","","Symbol","IAgentMessageParser"
"367","7624650","Do","","",""
"368","7624734","bY","","Symbol.for","aiAgent.ILogService"
"369","7636128","ks","","Symbol.for","aiAgent.IAiAgentClientManagerService"
"370","7636227","Dr","","Symbol.for","aiAgent.IChatSnapshotService"
"371","7636323","I7","","Symbol","IProjectStore"
"372","7636412","Cv","","Symbol.for","aiAgent.II18nService"
"373","7636500","M0","","Symbol.for","aiAgent.ISessionService"
"374","7636591","bY","","Symbol.for","aiAgent.ILogService"
"375","7636678","kd","","Symbol.for","aiChat.IAIChatRequestErrorService"
"376","7636780","Do","","",""
"377","7636864","Ul","","Symbol","IHistoryMessagesParser"
"378","7637003","Ul","","Symbol","IHistoryMessagesParser"
"379","7637154","Ul","","Symbol","IHistoryMessagesParser"
"380","7637252","D5","","Symbol","IPlanItemParser"
"381","7638092","","","",""
"382","7639534","ks","","Symbol.for","aiAgent.IAiAgentClientManagerService"
"383","7639633","M0","","Symbol.for","aiAgent.ISessionService"
"384","7641046","ks","_aiClientManagerService","Symbol.for","aiAgent.IAiAgentClientManagerService"
"385","7641143","M0","_aiClientManagerService","Symbol.for","aiAgent.ISessionService"
"386","7641651","ks","","Symbol.for","aiAgent.IAiAgentClientManagerService"
"387","7641750","M0","","Symbol.for","aiAgent.ISessionService"
"388","7646362","Do","","",""
"389","7646446","ks","_agentAvatarMap","Symbol.for","aiAgent.IAiAgentClientManagerService"
"390","7646543","M0","_agentAvatarMap","Symbol.for","aiAgent.ISessionService"
"391","7646634","Au","_agentAvatarMap","Symbol.for","aiAgent.IFileFacade"
"392","7646721","Cv","_agentAvatarMap","Symbol.for","aiAgent.II18nService"
"393","7646809","bY","_agentAvatarMap","Symbol.for","aiAgent.ILogService"
"394","7650806","Fe","","Symbol.for","aiAgent.IAiAgentIDEChatImageService"
"395","7650955","Fe","","Symbol.for","aiAgent.IAiAgentIDEChatImageService"
"396","7651058","Eh","","Symbol.for","aiAgent.IStorageFacade"
"397","7651148","Ci","","Symbol","aiAgent.ICredentialConnectorService"
"398","7651251","bY","","Symbol.for","aiAgent.ILogService"
"399","7654355","ks","","Symbol.for","aiAgent.IAiAgentClientManagerService"
"400","7654454","M0","","Symbol.for","aiAgent.ISessionService"
"401","7654545","bY","","Symbol.for","aiAgent.ILogService"
"402","7667404","","","",""
"403","7667555","","","",""
"404","7667761","","","",""
"405","7667971","Fe","","Symbol.for","aiAgent.IAiAgentIDEChatImageService"
"406","7668153","Fe","","Symbol.for","aiAgent.IAiAgentIDEChatImageService"
"407","7668246","T5","","Symbol","IAgentStore"
"408","7668338","T5","_credentialC","Symbol","IAgentStore"
"409","7668425","Ei","_credentialConnectorService","Symbol.for","aiAgent.ICredentialFacade"
"410","7668518","bY","_credentialConnectorService","Symbol.for","aiAgent.ILogService"
"411","7668605","Cv","_credentialConnectorService","Symbol.for","aiAgent.II18nService"
"412","7668764","Cv","_credentialConnectorService","Symbol.for","aiAgent.II18nService"
"413","7669996","Eh","_credentialConnectorService","Symbol.for","aiAgent.IStorageFacade"
"414","7670086","Ci","_credentialConnectorService","Symbol","aiAgent.ICredentialConnectorService"
"415","7670189","T5","_credentialConnectorService","Symbol","IAgentStore"
"416","7671456","Eh","","Symbol.for","aiAgent.IStorageFacade"
"417","7671546","Ci","","Symbol","aiAgent.ICredentialConnectorService"
"418","7671649","T5","_credentialInfra","Symbol","IAgentStore"
"419","7675833","bY","","Symbol.for","aiAgent.ILogService"
"420","7675920","kA","","Symbol.for","aiAgent.IAiNativeModelService"
"421","7676011","Ei","","Symbol.for","aiAgent.ICredentialFacade"
"422","7676103","ks","","Symbol.for","aiAgent.IAiAgentClientManagerService"
"423","7676200","Eh","","Symbol.for","aiAgent.IStorageFacade"
"424","7676290","IZ","","Symbol","IConfigurationStore"
"425","7678098","M5","","Symbol.for","aiAgent.IAiClientManagerService"
"426","7678195","bY","","Symbol.for","aiAgent.ILogService"
"427","7680247","Au","","Symbol.for","aiAgent.IFileFacade"
"428","7680338","Au","","Symbol.for","aiAgent.IFileFacade"
"429","7680424","Cv","","Symbol.for","aiAgent.II18nService"
"430","7680512","Db","","Symbol","IFastApplyStore"
"431","7680603","Ei","","Symbol.for","aiAgent.ICredentialFacade"
"432","7680695","Dr","","Symbol.for","aiAgent.IChatSnapshotService"
"433","7693615","Au","","Symbol.for","aiAgent.IFileFacade"
"434","7693706","Au","","Symbol.for","aiAgent.IFileFacade"
"435","7693792","Di","","Symbol.for","aiAgent.IAiAgentNativeChatService"
"436","7693893","Wm","","Symbol.for","aiAgent.IAiNativeFastApplyBaseService"
"437","7693998","WE","","Symbol.for","aiAgent.IAiNativeFastApplyTodoListService"
"438","7694107","M0","","Symbol.for","aiAgent.ISessionService"
"439","7694198","zp","","Symbol","IChatStreamFirstTokenReporter"
"440","7694303","Cv","","Symbol.for","aiAgent.II18nService"
"441","7694391","bY","","Symbol.for","aiAgent.ILogService"
"442","7694478","jP","","",""
"443","7694575","kd","","Symbol.for","aiChat.IAIChatRequestErrorService"
"444","7694677","Do","","",""
"445","7704596","Au","","Symbol.for","aiAgent.IFileFacade"
"446","7704682","M5","","Symbol.for","aiAgent.IAiClientManagerService"
"447","7704779","ED","","Symbol.for","aiAgent.IEnvironmentFacade"
"448","7704873","","_fileInfra","",""
"449","7713436","Au","","Symbol.for","aiAgent.IFileFacade"
"450","7713522","ks","","Symbol.for","aiAgent.IAiAgentClientManagerService"
"451","7713619","ED","","Symbol.for","aiAgent.IEnvironmentFacade"
"452","7713713","M0","","Symbol.for","aiAgent.ISessionService"
"453","7713804","bY","","Symbol.for","aiAgent.ILogService"
"454","7713891","","_fastApplyInfra","",""
"455","7714046","","_fastApplyInfra","",""
"456","7714219","","_fastApplyInfra","",""
"457","7714897","Db","","Symbol","IFastApplyStore"
"458","7714988","","","",""
"459","7719919","bY","","Symbol.for","aiAgent.ILogService"
"460","7720006","M5","","Symbol.for","aiAgent.IAiClientManagerService"
"461","7720105","","","",""
"462","7722860","M5","","Symbol.for","aiAgent.IAiClientManagerService"
"463","7722957","bY","","Symbol.for","aiAgent.ILogService"
"464","7726168","","_docsetListUpdated","",""
"465","7726291","","_docsetListUpdated","",""
"466","7748129","bY","","Symbol.for","aiAgent.ILogService"
"467","7748216","Ga","","Symbol.for","ai.IWebCrawlerFacade"
"468","7748308","Wj","","Symbol.for","ai.IDocsetCkgLocalApiService"
"469","7748409","WV","","Symbol.for","ai.IDocsetOnlineApiService"
"470","7748508","TM","","Symbol.for","ai.IDocsetStore"
"471","7748596","Au","","Symbol.for","aiAgent.IFileFacade"
"472","7748683","Cv","","Symbol.for","aiAgent.II18nService"
"473","7748771","Tm","","Symbol.for","ai.IDocsetStore"
"474","7748858","M5","","Symbol.for","aiAgent.IAiClientManagerService"
"475","7748955","Nc","","Symbol","IEntitlementStore"
"476","7749047","Nc","","Symbol","IEntitlementStore"
"477","7749206","Nc","","Symbol","IEntitlementStore"
"478","7749299","","","",""
"479","7754101","Au","","Symbol.for","aiAgent.IFileFacade"
"480","7754253","Au","","Symbol.for","aiAgent.IFileFacade"
"481","7754340","bY","","Symbol.for","aiAgent.ILogService"
"482","7754427","Tm","","Symbol.for","ai.IDocsetStore"
"483","7754514","ED","","Symbol.for","aiAgent.IEnvironmentFacade"
"484","7754601","Gh","","Symbol.for","aiChat.IMemoryPaneService"
"485","7758437","Gh","","Symbol.for","aiChat.IMemoryPaneService"
"486","7758531","ED","","Symbol.for","aiAgent.IEnvironmentFacade"
"487","7758686","ED","","Symbol.for","aiAgent.IEnvironmentFacade"
"488","7758773","Eh","","Symbol.for","aiAgent.IStorageFacade"
"489","7758862","","","",""
"490","7765304","Au","","Symbol.for","aiAgent.IFileFacade"
"491","7765391","bY","","Symbol.for","aiAgent.ILogService"
"492","7765478","Tm","","Symbol.for","ai.IDocsetStore"
"493","7765565","I7","","Symbol","IProjectStore"
"494","7765653","ED","","Symbol.for","aiAgent.IEnvironmentFacade"
"495","7765740","","","",""
"496","7765890","GS","","Symbol.for","aiChat.IMemoryStore"
"497","7766084","GS","","Symbol.for","aiChat.IMemoryStore"
"498","7766172","kS","","Symbol.for","aiAgent.IAiAgentClientManagerService"
"499","7766267","ks","","Symbol.for","aiAgent.IAiAgentClientManagerService"
"500","7766442","ks","","Symbol.for","aiAgent.IAiAgentClientManagerService"
"501","7768176","ks","_tokenUsageConfig","Symbol.for","aiAgent.IAiAgentClientManagerService"
"502","7768936","Tm","","Symbol.for","ai.IDocsetStore"
"503","7769023","bY","","Symbol.for","aiAgent.ILogService"
"504","7773430","TQ","","Symbol","ITasksHubStore"
"505","7773519","xC","","Symbol","ISessionStore"
"506","7773607","GI","","Symbol.for","ITaskListApiService"
"507","7773701","bY","","Symbol.for","aiAgent.ILogService"
"508","7773895","bY","","Symbol.for","aiAgent.ILogService"
"509","7773982","Ma","","Symbol.for","ITeaFacade"
"510","7818652","","","",""
"511","7818843","","","",""
"512","7819042","jO","","Symbol.for","IPlanService"
"513","7819209","jO","","Symbol.for","IPlanService"
"514","7819297","D6","","Symbol","IAgentService"
"515","7819448","D6","","Symbol","IAgentService"
"516","7819587","D6","","Symbol","IAgentService"
"517","7819676","Eh","","Symbol.for","aiAgent.IStorageFacade"
"518","7819855","Eh","","Symbol.for","aiAgent.IStorageFacade"
"519","7819944","xC","","Symbol","ISessionStore"
"520","7820033","Db","","Symbol","IFastApplyStore"
"521","7820124","xJ","","Symbol.for","IEditorFacade"
"522","7820213","xL","","Symbol.for","IWorkspaceFacade"
"523","7820305","jW","","Symbol.for","aiAgent.ICKGService"
"524","7820392","Me","","Symbol.for","IViewsFacade"
"525","7820480","Dp","","Symbol.for","aiAgent.IChatService"
"526","7820568","Au","","Symbol.for","aiAgent.IFileFacade"
"527","7820655","Di","","Symbol.for","aiAgent.IAiAgentNativeChatService"
"528","7820750","","","",""
"529","7820938","Cv","","Symbol.for","aiAgent.II18nService"
"530","7821142","Cv","","Symbol.for","aiAgent.II18nService"
"531","7821230","Wh","","Symbol.for","aiAgent.IAiNativeIDEApiService"
"532","7821328","Tm","","Symbol.for","ai.IDocsetStore"
"533","7821408","Do","","",""
"534","7821492","bY","","Symbol.for","aiAgent.ILogService"
"535","7821583","bY","","Symbol.for","aiAgent.ILogService"
"536","7821670","GP","","Symbol.for","aiAgent.ICodeActionService"
"537","7821764","Dr","","Symbol.for","aiAgent.IChatSnapshotService"
"538","7821860","IZ","","Symbol","IConfigurationStore"
"539","7821955","Gz","","Symbol.for","aiNg.IAgentProjectService"
"540","7822046","GB","","Symbol.for","aiAgent.IViewsService"
"541","7822136","I7","","Symbol","IProjectStore"
"542","7822225","Ci","","Symbol","aiAgent.ICredentialConnectorService"
"543","7822328","Mz","","Symbol.for","aiAgent.IContextKeyFacade"
"544","7822420","zO","","Symbol.for","aiAgent.ITaskService"
"545","7822508","AM","","Symbol.for","IUtilFacade"
"546","7822595","kd","","Symbol.for","aiChat.IAIChatRequestErrorService"
"547","7822697","ED","","Symbol.for","aiAgent.IEnvironmentFacade"
"548","7822784","kS","","Symbol.for","aiAgent.IAiAgentClientManagerService"
"549","7822879","jP","","",""
"550","7822976","","","",""
"551","7823151","Nc","","Symbol","IEntitlementStore"
"552","7823326","Nc","","Symbol","IEntitlementStore"
"553","7823419","Ie","","Symbol","ISoloModeManagerStore"
"554","7823516","Wm","","Symbol.for","aiAgent.IAiNativeFastApplyBaseService"
"555","7823621","k1","","Symbol","IModelStore"
"556","7823708","kv","","Symbol.for","IModelService"
"557","7823797","kA","","Symbol.for","aiAgent.IAiNativeModelService"
"558","7823888","","","",""
"559","7823980","GU","","Symbol","ITasksHubService"
"560","7824195","GU","","Symbol","ITasksHubService"
"561","7824287","zt","","Symbol.for","IChatStreamEmitter"
"562","7824381","Os","","Symbol.for","aiAgent.IConfigurationConnectorService"
"563","7824487","BR","","Symbol","ISessionServiceV2"
"564","7824580","Dj","","Symbol.for","IUserMessageParser"
"565","7824676","IN","","Symbol","ISessionRelationStoreInternal"
"566","7824773","","","",""
"567","7827105","M0","","Symbol.for","aiAgent.ISessionService"
"568","7827239","I2","","Symbol","IInlineSessionStore"
"569","7827334","Di","","Symbol.for","aiAgent.IAiAgentNativeChatService"
"570","7827426","Di","","Symbol.for","aiAgent.IAiAgentNativeChatService"
"571","7827516","Me","","Symbol.for","IViewsFacade"
"572","7827604","Cv","","Symbol.for","aiAgent.II18nService"
"573","7827692","Tm","","Symbol.for","ai.IDocsetStore"
"574","7827772","Do","","",""
"575","7827856","jP","","",""
"576","7827953","kd","_configurationStore","Symbol.for","aiChat.IAIChatRequestErrorService"
"577","7828055","bY","_configurationStore","Symbol.for","aiAgent.ILogService"
"578","7828142","D6","_configurationStore","Symbol","IAgentService"
"579","7828231","zi","_configurationStore","Symbol.for","IInlineChatStreamEmitter"
"580","7828325","BR","_configurationStore","Symbol","ISessionServiceV2"
"581","7829675","MY","","Symbol.for","aiAgent.IConfigurationFacade"
"582","7829770","IZ","","Symbol","IConfigurationStore"
"583","7829865","Eh","_nativeUIInfra","Symbol.for","aiAgent.IStorageFacade"
"584","7831066","","_codeActionInfra","",""
"585","7832110","xU","_workspaceFacade","Symbol.for","aiAgent.ICodeActionFacade"
"586","7832885","xL","","Symbol.for","IWorkspaceFacade"
"587","7838251","xq","","Symbol.for","aiAgent.IOpenerFacade"
"588","7838340","xL","","Symbol.for","IWorkspaceFacade"
"589","7838432","Wh","","Symbol.for","aiAgent.IAiNativeIDEApiService"
"590","7838530","Cv","","Symbol.for","aiAgent.II18nService"
"591","7838618","Tm","_fileIconFacade","Symbol.for","ai.IDocsetStore"
"592","7839796","x3","_configurationInfra","Symbol.for","aiAgent.IFileIconFacade"
"593","7840735","Ei","","Symbol.for","aiAgent.ICredentialFacade"
"594","7840827","MY","","Symbol.for","aiAgent.IConfigurationFacade"
"595","7840953","MY","_telemetry","Symbol.for","aiAgent.IConfigurationFacade"
"596","7841518","MA","","Symbol.for","ITeaFacade"
"597","7847512","BR","","Symbol","ISessionServiceV2"
"598","7847605","M0","","Symbol.for","aiAgent.ISessionService"
"599","7847696","xL","","Symbol.for","IWorkspaceFacade"
"600","7847788","Au","","Symbol.for","aiAgent.IFileFacade"
"601","7847875","Eh","","Symbol.for","aiAgent.IStorageFacade"
"602","7848032","Eh","","Symbol.for","aiAgent.IStorageFacade"
"603","7848122","Ma","","Symbol.for","ITeaFacade"
"604","7848202","IZ","","Symbol","IConfigurationStore"
"605","7848297","bY","","Symbol.for","aiAgent.ILogService"
"606","7848384","ka","","Symbol.for","aiAgent.IAiNativeModelService"
"607","7848481","Hx","","",""
"608","7848574","kA","","Symbol.for","aiAgent.IAiNativeModelService"
"609","7848665","Ci","","Symbol","aiAgent.ICredentialConnectorService"
"610","7848768","Ei","","Symbol.for","aiAgent.ICredentialFacade"
"611","7848860","Mz","","Symbol.for","aiAgent.IContextKeyFacade"
"612","7848952","","","",""
"613","7849101","","","",""
"614","7849291","ks","","Symbol.for","aiAgent.IAiAgentClientManagerService"
"615","7849430","ks","","Symbol.for","aiAgent.IAiAgentClientManagerService"
"616","7856433","I6","","Symbol","IMarkdownContextMenuStore"
"617","7856534","xU","","Symbol.for","aiAgent.ICodeActionFacade"
"618","7856627","M0","","Symbol.for","aiAgent.ISessionService"
"619","7856718","To","","Symbol","IChatTurnImageMenuStore"
"620","7856817","kA","","Symbol.for","aiAgent.IAiNativeModelService"
"621","7858762","AM","_fpsRecord","Symbol.for","IUtilFacade"
"622","7858849","xL","_fpsRecord","Symbol.for","IWorkspaceFacade"
"623","7858941","Do","_fpsRecord","",""
"624","7859025","M0","_fpsRecord","Symbol.for","aiAgent.ISessionService"
"625","7859252","Mc","","Symbol.for","aiAgent.IFpsRecordFacade"
"626","7864571","xC","","Symbol","ISessionStore"
"627","7864660","Uw","","Symbol.for","aiAgent.IProjectApiService"
"628","7864751","ED","","Symbol.for","aiAgent.IEnvironmentFacade"
"629","7864845","G0","","Symbol.for","aiNg.IWorkspaceService"
"630","7864938","Ci","","Symbol","aiAgent.ICredentialConnectorService"
"631","7865041","I7","","Symbol","IProjectStore"
"632","7865130","AM","","Symbol.for","IUtilFacade"
"633","7865217","Do","","",""
"634","7865308","bY","","Symbol.for","aiAgent.ILogService"
"635","7865394","kd","","Symbol.for","aiChat.IAIChatRequestErrorService"
"636","7865496","","","",""
"637","7878600","Eh","","Symbol.for","aiAgent.IStorageFacade"
"638","7878689","M5","","Symbol.for","aiAgent.IAiClientManagerService"
"639","7878788","","","",""
"640","7878943","Dp","","Symbol.for","aiAgent.IChatService"
"641","7879143","Dp","","Symbol.for","aiAgent.IChatService"
"642","7879231","HB","","Symbol.for","aiAgent.IUtilService"
"643","7879319","bY","","Symbol.for","aiAgent.ILogService"
"644","7879406","WE","","Symbol.for","aiAgent.IAiNativeFastApplyTodoListService"
"645","7879507","Ci","","Symbol","aiAgent.ICredentialConnectorService"
"646","7879610","Uk","","Symbol.for","aiAgent.ISnapshotApiService"
"647","7879705","M0","","Symbol.for","aiAgent.ISessionService"
"648","7879796","xL","","Symbol.for","IWorkspaceFacade"
"649","7879888","Au","","Symbol.for","aiAgent.IFileFacade"
"650","7879975","","","",""
"651","7880102","","","",""
"652","7880228","","","",""
"653","7880362","","","",""
"654","7880504","","","",""
"655","7880634","","","",""
"656","7880789","","","",""
"657","7887027","Mb","","Symbol.for","aiAgent.ISessionHistoryInfra"
"658","7887123","xC","","Symbol","ISessionStore"
"659","7887212","I7","","Symbol","IProjectStore"
"660","7887301","Di","_viewsInfra","Symbol.for","aiAgent.IAiAgentNativeChatService"
"661","7887402","M0","_viewsInfra","Symbol.for","aiAgent.ISessionService"
"662","7887493","bY","_viewsInfra","Symbol.for","aiAgent.ILogService"
"663","7887585","bY","_viewsInfra","Symbol.for","aiAgent.ILogService"
"664","7887672","Gz","_viewsInfra","Symbol.for","aiNg.IAgentProjectService"
"665","7888374","Me","_credentialConnectorService","Symbol.for","IViewsFacade"
"666","7889211","Eh","_sessionStore","Symbol.for","aiAgent.IStorageFacade"
"667","7889301","Ci","_sessionStore","Symbol","aiAgent.ICredentialConnectorService"
"668","7892206","Eh","","Symbol.for","aiAgent.IStorageFacade"
"669","7892295","xC","","Symbol","ISessionStore"
"670","7892384","IN","","Symbol","ISessionRelationStoreInternal"
"671","7892481","","","",""
"672","7897415","Ci","","Symbol","aiAgent.ICredentialConnectorService"
"673","7897518","MY","","Symbol.for","aiAgent.IConfigurationFacade"
"674","7897613","Ei","","Symbol.for","aiAgent.ICredentialFacade"
"675","7897776","Ei","","Symbol.for","aiAgent.ICredentialFacade"
"676","7897881","bY","","Symbol.for","aiAgent.ILogService"
"677","7898020","bY","","Symbol.for","aiAgent.ILogService"
"678","7898107","ks","","Symbol.for","aiAgent.IAiAgentClientManagerService"
"679","7898206","Do","","",""
"680","7905857","","","",""
"681","8030147","","_clientMap","",""
"682","8034617","Yq","","Symbol.for","IHuoshanAsrClientService"
"683","8034753","Ju","","Symbol.for","IAWSASRClientService"
"684","8034885","Ci","","Symbol","aiAgent.ICredentialConnectorService"
"685","8034988","bY","","Symbol.for","aiAgent.ILogService"
"686","8035075","Do","","",""
"687","8035166","Ma","","Symbol.for","ITeaFacade"
"688","8035305","Ma","","Symbol.for","ITeaFacade"
"689","8035385","","","",""
"690","8036305","M5","","Symbol.for","aiAgent.IAiClientManagerService"
"691","8039332","ks","","Symbol.for","aiAgent.IAiAgentClientManagerService"
"692","8039479","ks","_stora","Symbol.for","aiAgent.IAiAgentClientManagerService"
"693","8039576","bY","_storageFacade","Symbol.for","aiAgent.ILogService"
"694","8039663","Ci","_storageFacade","Symbol","aiAgent.ICredentialConnectorService"
"695","8039766","","_storageFacade","",""
"696","8042356","Ma","","Symbol.for","ITeaFacade"
"697","8042443","T8","","Symbol","ILintErrorAutoFixStore"
"698","8042637","T8","","Symbol","ILintErrorAutoFixStore"
"699","8048376","Ci","","Symbol","aiAgent.ICredentialConnectorService"
"700","8048514","Ci","","Symbol","aiAgent.ICredentialConnectorService"
"701","8048617","bY","","Symbol.for","aiAgent.ILogService"
"702","8048704","Cv","","Symbol.for","aiAgent.II18nService"
"703","8048791","","","",""
"704","8048960","AM","","Symbol.for","IUtilFacade"
"705","8049098","AM","","Symbol.for","IUtilFacade"
"706","8058583","JJ","","Symbol","ICommercialActivityStore"
"707","8058758","JJ","","Symbol","ICommercialActivityStore"
"708","8058858","BU","","Symbol.for","ICommercialApiService"
"709","8058955","Ci","","Symbol","aiAgent.ICredentialConnectorService"
"710","8059058","Ei","","Symbol.for","aiAgent.ICredentialFacade"
"711","8059150","zt","","Symbol.for","IChatStreamEmitter"
"712","8059288","zt","","Symbol.for","IChatStreamEmitter"
"713","8059382","bY","","Symbol.for","aiAgent.ILogService"
"714","8059469","Nc","","Symbol","IEntitlementStore"
"715","8059562","MR","","Symbol.for","aiAgent.ISlardarFacade"
"716","8059652","","","",""
"717","8063191","bY","","Symbol.for","aiAgent.ILogService"
"718","8063330","bY","","Symbol.for","aiAgent.ILogService"
"719","8063417","","","",""
"720","8067567","ks","","Symbol.for","aiAgent.IAiAgentClientManagerService"
"721","8067667","bY","","Symbol.for","aiAgent.ILogService"
"722","8067757","M0","","Symbol.for","aiAgent.ISessionService"
"723","8068623","","","",""
"724","8074649","eed","","Symbol","IButtonConfigFactory"
"725","8074750","eef","","Symbol","IWarningTipsConfigFactory"
"726","8074856","eew","","Symbol","IPopoverConfigFactory"
"727","8084930","M0","","Symbol.for","aiAgent.ISessionService"
"728","8085023","Os","","Symbol.for","aiAgent.IConfigurationConnectorService"
"729","8085131","eeo","","Symbol","ISandboxAPIService"
"730","8085230","Cv","","Symbol.for","aiAgent.II18nService"
"731","8085320","eeC","","Symbol","IAutoRunFeatureConfigService"
"732","8085422","Ci","","Symbol","aiAgent.ICredentialConnectorService"
"733","8085587","Ci","","Symbol","aiAgent.ICredentialConnectorService"
"734","8085693","","","",""
"735","8085835","Tm","","Symbol.for","ai.IDocsetStore"
"736","8086024","Tm","","Symbol.for","ai.IDocsetStore"
"737","8087539","Os","","Symbol.for","aiAgent.IConfigurationConnectorService"
"738","8087647","Tm","","Symbol.for","ai.IDocsetStore"
"739","8087736","eee","","Symbol.for","IRunCommandFeatureService"
"740","8094258","Ma","","Symbol.for","ITeaFacade"
"741","8094347","Os","","Symbol.for","aiAgent.IConfigurationConnectorService"
"742","8094447","Ei","","Symbol.for","aiAgent.ICredentialFacade"
"743","8094543","kA","","Symbol.for","aiAgent.IAiNativeModelService"
"744","8099564","Ei","","Symbol.for","aiAgent.ICredentialFacade"
"745","8099660","","","",""
"746","8099833","bY","","Symbol.for","aiAgent.ILogService"
"747","8099975","bY","_teaService","Symbol.for","aiAgent.ILogService"
"748","8100065","","_teaService","",""
"749","8100226","","_teaService","",""
"750","8100890","bY","","Symbol.for","aiAgent.ILogService"
"751","8100980","Tm","","Symbol.for","ai.IDocsetStore"
"752","8101070","","","",""
"753","8112515","Au","","Symbol.for","aiAgent.IFileFacade"
"754","8112605","bY","","Symbol.for","aiAgent.ILogService"
"755","8112695","UR","","Symbol.for","aiAgent.IAiAgentNativeDSLAgentService"
"756","8112824","UR","","Symbol.for","aiAgent.IAiAgentNativeDSLAgentService"
"757","8112971","UR","","Symbol.for","aiAgent.IAiAgentNativeDSLAgentService"
"758","8113074","","","",""
"759","8113216","G0","","Symbol.for","aiNg.IWorkspaceService"
"760","8113394","G0","_workspacePathsCache","Symbol.for","aiNg.IWorkspaceService"
"761","8113490","MR","_workspacePathsCache","Symbol.for","aiAgent.ISlardarFacade"
"762","8121806","G0","","Symbol.for","aiNg.IWorkspaceService"
"763","8121902","ED","","Symbol.for","aiAgent.IEnvironmentFacade"
"764","8121999","Au","_persistenceService","Symbol.for","aiAgent.IFileFacade"
"765","8122129","Au","_persistenceService","Symbol.for","aiAgent.IFileFacade"
"766","8122219","M0","_persistenceService","Symbol.for","aiAgent.ISessionService"
"767","8122313","bY","_persistenceService","Symbol.for","aiAgent.ILogService"
"768","8129112","Au","","Symbol.for","aiAgent.IFileFacade"
"769","8129242","Au","","Symbol.for","aiAgent.IFileFacade"
"770","8129332","bY","","Symbol.for","aiAgent.ILogService"
"771","8129422","eth","","Symbol.for","IKnowledgesPersistenceService"
"772","8132309","Tm","","Symbol.for","ai.IDocsetStore"
"773","8132399","bY","_sessionService","Symbol.for","aiAgent.ILogService"
"774","8132489","","_sessionService","",""
"775","8138668","M0","","Symbol.for","aiAgent.ISessionService"
"776","8138762","Di","","Symbol.for","aiAgent.IAiAgentNativeChatService"
"777","8138860","Au","","Symbol.for","aiAgent.IFileFacade"
"778","8138990","Au","","Symbol.for","aiAgent.IFileFacade"
"779","8139080","etb","","Symbol.for","IKnowledgesStagingService"
"780","8139177","bY","","Symbol.for","aiAgent.ILogService"
"781","8139267","etO","","Symbol.for","aiChat.IDSLAgentService"
"782","8142382","Cv","","Symbol.for","aiAgent.II18nService"
"783","8142549","Cv","","Symbol.for","aiAgent.II18nService"
"784","8142640","bY","","Symbol.for","aiAgent.ILogService"
"785","8181968","G0","","Symbol.for","aiNg.IWorkspaceService"
"786","8182064","M0","","Symbol.for","aiAgent.ISessionService"
"787","8182158","Dj","","Symbol.for","IUserMessageParser"
"788","8182258","BR","","Symbol","ISessionServiceV2"
"789","8182354","eth","","Symbol.for","IKnowledgesPersistenceService"
"790","8182465","etb","","Symbol.for","IKnowledgesStagingService"
"791","8182572","etj","","Symbol.for","IKnowledgesSourceMaterialService"
"792","8182686","etW","","Symbol.for","IKnowledgesNotificationService"
"793","8182798","etO","","Symbol.for","aiChat.IDSLAgentService"
"794","8182905","bY","","Symbol.for","aiAgent.ILogService"
"795","8182995","Tm","","Symbol.for","ai.IDocsetStore"
"796","8183085","Au","","Symbol.for","aiAgent.IFileFacade"
"797","8183175","IN","","Symbol","ISessionRelationStoreInternal"
"798","8183328","IN","","Symbol","ISessionRelationStoreInternal"
"799","8183469","IN","","Symbol","ISessionRelationStoreInternal"
"800","8183569","k1","","Symbol","IModelStore"
"801","8201197","FC","","Symbol.for","IKnowledgesTaskService"
"802","8201298","etO","","Symbol.for","aiChat.IDSLAgentService"
"803","8201405","bY","","Symbol.for","aiAgent.ILogService"
"804","8201495","Tm","","Symbol.for","ai.IDocsetStore"
"805","8201585","","","",""
"806","8201738","","","",""
"807","8201899","Cv","","Symbol.for","aiAgent.II18nService"
"808","8202046","Cv","","Symbol.for","aiAgent.II18nService"
"809","8202137","Au","","Symbol.for","aiAgent.IFileFacade"
"810","8202227","G0","","Symbol.for","aiNg.IWorkspaceService"
"811","8202323","Os","","Symbol.for","aiAgent.IConfigurationConnectorService"
"812","9892907","eto","","Symbol.for","aiChat.IDSLAgentService"
"813","10475128","","","",""
"814","10475298","jP","","",""
"815","10475459","jP","","",""
"816","10475558","Cv","","Symbol.for","aiAgent.II18nService"
"817","10475648","JI","","Symbol.for","NotificationService"
